"search-number","evaluation","evals-requested-so-far","number*","%-similar-wanted*","number-of-ethnicities*","random-seed","min-result","max-result","mean-result","stdev-result","final-step-result"
"1","1","160","1240","4","2","""-1641221554""","9.758064516129032","9.758064516129032","9.758064516129032","0","9.758064516129032"
"1","2","160","1240","4","2","""-1762747042""","12.822580645161292","12.822580645161292","12.822580645161292","0","12.822580645161292"
"1","3","160","1240","4","2","""-1109943980""","11.774193548387096","11.774193548387096","11.774193548387096","0","11.774193548387096"
"1","4","160","1240","4","2","""-1904085497""","10.806451612903226","10.806451612903226","10.806451612903226","0","10.806451612903226"
"1","5","160","1240","4","2","""-437291416""","13.629032258064516","13.629032258064516","13.629032258064516","0","13.629032258064516"
"1","6","160","1240","4","2","""857037014""","10.241935483870968","10.241935483870968","10.241935483870968","0","10.241935483870968"
"1","7","160","1240","4","2","""-1696419822""","11.774193548387096","11.774193548387096","11.774193548387096","0","11.774193548387096"
"1","8","160","1240","4","2","""-307402853""","10.967741935483872","10.967741935483872","10.967741935483872","0","10.967741935483872"
"1","9","160","1240","4","2","""1442732195""","11.129032258064516","11.129032258064516","11.129032258064516","0","11.129032258064516"
"1","10","160","1240","4","2","""1649717733""","10.483870967741936","10.483870967741936","10.483870967741936","0","10.483870967741936"
"1","11","160","830","18","3","""1415632356""","35.42168674698795","35.42168674698795","35.42168674698795","0","35.42168674698795"
"1","12","160","830","18","3","""730743979""","37.83132530120482","37.83132530120482","37.83132530120482","0","37.83132530120482"
"1","13","160","830","18","3","""-1329962723""","34.81927710843373","34.81927710843373","34.81927710843373","0","34.81927710843373"
"1","14","160","830","18","3","""-1509551117""","37.95180722891566","37.95180722891566","37.95180722891566","0","37.95180722891566"
"1","15","160","830","18","3","""-57254232""","35.30120481927711","35.30120481927711","35.30120481927711","0","35.30120481927711"
"1","16","160","830","18","3","""-2054263055""","35.78313253012048","35.78313253012048","35.78313253012048","0","35.78313253012048"
"1","17","160","830","18","3","""1330965670""","38.0722891566265","38.0722891566265","38.0722891566265","0","38.0722891566265"
"1","18","160","830","18","3","""928275372""","36.506024096385545","36.506024096385545","36.506024096385545","0","36.506024096385545"
"1","19","160","830","18","3","""1708295628""","37.71084337349397","37.71084337349397","37.71084337349397","0","37.71084337349397"
"1","20","160","830","18","3","""-815458776""","36.265060240963855","36.265060240963855","36.265060240963855","0","36.265060240963855"
"1","21","160","2090","76","3","""726485783""","49.55555555555556","98.89952153110048","79.60661390080347","17.470768050916288","49.55555555555556"
"1","22","160","2090","76","3","""1212222134""","43.506493506493506","99.28229665071771","78.73452890548067","19.895833016714956","43.506493506493506"
"1","23","160","2090","76","3","""-975454639""","40.476190476190474","98.66028708133972","75.534799600068","19.76980177637315","40.476190476190474"
"1","24","160","2090","76","3","""-787204333""","47.161572052401745","98.40613931523022","79.27475201529874","17.71765702248246","47.161572052401745"
"1","25","160","2090","76","3","""-1484371755""","47.30021598272138","98.61244019138756","79.46634453927864","17.042717468790563","47.30021598272138"
"1","26","160","2090","76","3","""-611745373""","49.38775510204081","98.70435806831567","83.00433719480823","16.657760561536133","49.38775510204081"
"1","27","160","2090","76","3","""1048802798""","44.469026548672566","98.42105263157895","78.32420212177897","18.952369891161975","44.469026548672566"
"1","28","160","2090","76","3","""-132595666""","48.20295983086681","99.00410076157","79.84034852691755","17.574627872915038","48.20295983086681"
"1","29","160","2090","76","3","""-1147005703""","43.90756302521008","98.22904368358914","78.88782487855651","17.722449963597292","43.90756302521008"
"1","30","160","2090","76","3","""1400479136""","49.18032786885246","98.85167464114832","80.87113930413416","17.650539166543552","49.18032786885246"
"1","31","160","1420","52","2","""-1018946197""","35.70219966159052","58.80281690140845","47.25250828149949","16.334603099870122","35.70219966159052"
"1","32","160","1420","52","2","""1676913190""","36.17021276595745","58.732394366197184","47.451303566077314","15.953871607891866","36.17021276595745"
"1","33","160","1420","52","2","""1575137767""","38.20794590025359","59.78873239436619","48.99833914730989","15.25992047332608","38.20794590025359"
"1","34","160","1420","52","2","""-1081322940""","33.58522250209908","59.08450704225352","46.3348647721763","18.0307170137485","33.58522250209908"
"1","35","160","1420","52","2","""1369795842""","32.19349457881568","57.25352112676057","44.723507852788124","17.720114708766737","32.19349457881568"
"1","36","160","1420","52","2","""-1902652435""","35.07588532883643","58.943661971830984","47.009773650333706","16.877066716107343","35.07588532883643"
"1","37","160","1420","52","2","""881236229""","36.53198653198653","60.84507042253521","48.688528477260874","17.191946490564376","36.53198653198653"
"1","38","160","1420","52","2","""800693693""","33.1390507910075","58.309859154929576","45.72445497296854","17.79844928207637","33.1390507910075"
"1","39","160","1420","52","2","""-1010010445""","36.48180242634315","57.183098591549296","46.83245050894622","14.638026897768338","36.48180242634315"
"1","40","160","1420","52","2","""-1226116652""","33.507397737162755","59.08450704225352","46.295952389708134","18.085747432779225","33.507397737162755"
"1","41","160","750","49","5","""-80375472""","44.60431654676259","72.13333333333334","59.49168171918706","11.941015227944241","44.60431654676259"
"1","42","160","750","49","5","""-979890594""","46.82274247491639","71.46666666666667","59.28054931585107","12.32420834278878","46.82274247491639"
"1","43","160","750","49","5","""-1948796571""","40.94076655052265","72.26666666666667","57.34368307793824","13.252524693311699","40.94076655052265"
"1","44","160","750","49","5","""-1943028917""","48.23529411764706","75.73333333333333","61.29329001817689","13.801017407026995","48.23529411764706"
"1","45","160","750","49","5","""-2101085740""","49.667774086378735","71.33333333333334","61.05442319395808","10.875174876161003","49.667774086378735"
"1","46","160","750","49","5","""726421503""","41.14490161001789","72.53333333333333","57.38736800852513","13.614269011842177","41.14490161001789"
"1","47","160","750","49","5","""1800495954""","44.79717813051146","77.06666666666668","59.78786879989066","14.170378168606838","44.79717813051146"
"1","48","160","750","49","5","""1164596487""","41.54929577464789","70.26666666666667","55.209907770091945","12.315386304648031","41.54929577464789"
"1","49","160","750","49","5","""-210087590""","48.45890410958904","78.26666666666667","63.24785252758181","12.956818456284232","48.45890410958904"
"1","50","160","750","49","5","""-682525931""","41.22965641952984","72.39999999999999","56.887560821230856","13.360998748379956","41.22965641952984"
"1","51","160","1770","30","3","""66334232""","46.04519774011299","46.04519774011299","46.04519774011299","0","46.04519774011299"
"1","52","160","1770","30","3","""-933958772""","47.175141242937855","47.175141242937855","47.175141242937855","0","47.175141242937855"
"1","53","160","1770","30","3","""-469122741""","46.94915254237288","46.94915254237288","46.94915254237288","0","46.94915254237288"
"1","54","160","1770","30","3","""1171549484""","44.12429378531073","44.12429378531073","44.12429378531073","0","44.12429378531073"
"1","55","160","1770","30","3","""1829003607""","45.87570621468927","45.87570621468927","45.87570621468927","0","45.87570621468927"
"1","56","160","1770","30","3","""1330999944""","47.40112994350282","47.40112994350282","47.40112994350282","0","47.40112994350282"
"1","57","160","1770","30","3","""-393880164""","45.593220338983045","45.593220338983045","45.593220338983045","0","45.593220338983045"
"1","58","160","1770","30","3","""-981528449""","45.19774011299435","45.19774011299435","45.19774011299435","0","45.19774011299435"
"1","59","160","1770","30","3","""392136152""","45.706214689265536","45.706214689265536","45.706214689265536","0","45.706214689265536"
"1","60","160","1770","30","3","""-1530108026""","43.61581920903955","43.61581920903955","43.61581920903955","0","43.61581920903955"
"1","61","160","570","47","5","""-276875810""","43.92712550607287","65.43859649122807","54.585011658133396","10.757070673125298","43.92712550607287"
"1","62","160","570","47","5","""-1185647212""","45.96774193548387","65.96491228070175","56.199773627617425","10.006757581072394","45.96774193548387"
"1","63","160","570","47","5","""-832289992""","42.56619144602851","69.2982456140351","55.84875174729393","13.366808898228904","42.56619144602851"
"1","64","160","570","47","5","""1170172010""","44.42190669371197","66.49122807017544","56.389134737867586","11.152254575843015","44.42190669371197"
"1","65","160","570","47","5","""213925861""","40.66390041493776","69.64912280701753","53.91568587959376","14.651099780104351","40.66390041493776"
"1","66","160","570","47","5","""-194772814""","36.897274633123686","67.01754385964912","52.168663106036234","15.06457895691893","36.897274633123686"
"1","67","160","570","47","5","""1913184439""","43.90243902439025","64.73684210526316","54.77299439269018","10.446754377020028","43.90243902439025"
"1","68","160","570","47","5","""2087595924""","43.00202839756592","62.98245614035088","53.2189336406992","9.997926791601738","43.00202839756592"
"1","69","160","570","47","5","""-993260790""","41.224489795918366","65.26315789473685","52.50911507772943","12.086512396504016","41.224489795918366"
"1","70","160","570","47","5","""-857606951""","38.83089770354906","69.47368421052632","55.31272323344498","15.452666450565422","38.83089770354906"
"1","71","160","2140","55","2","""-630046398""","33.06122448979592","59.29906542056075","46.180144955178335","18.55295524583777","33.06122448979592"
"1","72","160","2140","55","2","""1128792405""","33.738425925925924","58.45794392523365","46.09818492557979","17.479338804973413","33.738425925925924"
"1","73","160","2140","55","2","""-773090603""","33.827014218009474","59.95327102803738","46.89014262302342","18.47405335739195","33.827014218009474"
"1","74","160","2140","55","2","""-1159507721""","35.396182764603815","60.32710280373832","47.86164278417107","17.628822620891597","35.396182764603815"
"1","75","160","2140","55","2","""137255790""","33.60607831677382","57.429906542056074","45.517992429414946","16.845990491920556","33.60607831677382"
"1","76","160","2140","55","2","""-470167327""","29.80093676814988","56.49532710280374","43.14813193547681","18.875784425274375","29.80093676814988"
"1","77","160","2140","55","2","""2089775034""","33.504859919954264","57.009345794392516","45.25710285717339","16.620181350118706","33.504859919954264"
"1","78","160","2140","55","2","""1657639320""","33.67875647668394","60.65420560747663","47.16648104208028","19.07452300593627","33.67875647668394"
"1","79","160","2140","55","2","""1521310567""","32.98307063631057","56.9626168224299","44.97284372937024","16.95609971798099","32.98307063631057"
"1","80","160","2140","55","2","""-382799883""","34.39153439153439","60.18691588785047","47.289225139692434","18.240089179339087","34.39153439153439"
"1","81","160","1300","22","4","""-1301539049""","47.23076923076923","47.23076923076923","47.23076923076923","0","47.23076923076923"
"1","82","160","1300","22","4","""336097919""","48.38461538461539","48.38461538461539","48.38461538461539","0","48.38461538461539"
"1","83","160","1300","22","4","""1032834367""","48.769230769230774","48.769230769230774","48.769230769230774","0","48.769230769230774"
"1","84","160","1300","22","4","""74441048""","47.76923076923077","47.76923076923077","47.76923076923077","0","47.76923076923077"
"1","85","160","1300","22","4","""-1132062944""","49.23076923076923","49.23076923076923","49.23076923076923","0","49.23076923076923"
"1","86","160","1300","22","4","""376577919""","45.84615384615385","45.84615384615385","45.84615384615385","0","45.84615384615385"
"1","87","160","1300","22","4","""-1167288814""","49.30769230769231","49.30769230769231","49.30769230769231","0","49.30769230769231"
"1","88","160","1300","22","4","""22382546""","44","44","44","0","44"
"1","89","160","1300","22","4","""-1699820136""","47.76923076923077","47.76923076923077","47.76923076923077","0","47.76923076923077"
"1","90","160","1300","22","4","""-515122683""","45.69230769230769","45.69230769230769","45.69230769230769","0","45.69230769230769"
"1","91","160","1320","76","4","""-1558307915""","46.27539503386004","97.5","77.74879558087888","17.327918911795173","46.27539503386004"
"1","92","160","1320","76","4","""1594278569""","47.86967418546366","97.65151515151516","76.14265380898865","17.41246328193998","47.86967418546366"
"1","93","160","1320","76","4","""-390222286""","41.41414141414141","97.5736568457539","74.93443229145085","17.265950339199478","41.41414141414141"
"1","94","160","1320","76","4","""1419752702""","48.091603053435115","97.65151515151516","74.83788445164092","17.660594005733408","48.091603053435115"
"1","95","160","1320","76","4","""1848659612""","48.984771573604064","97.42424242424242","75.36665763397842","17.389914925920127","48.984771573604064"
"1","96","160","1320","76","4","""1015237728""","48.9051094890511","97.34848484848484","77.15978918968696","16.448259558070077","48.9051094890511"
"1","97","160","1320","76","4","""-613982304""","45.26854219948849","96.96969696969697","74.92533144372648","17.39952965489551","45.26854219948849"
"1","98","160","1320","76","4","""1981831364""","49.74226804123711","97.42424242424242","74.96489490687739","17.525547892539304","49.74226804123711"
"1","99","160","1320","76","4","""-1817752158""","46.63212435233161","97.5","73.47137521674811","18.122609294032774","46.63212435233161"
"1","100","160","1320","76","4","""1792526046""","40.11142061281337","96.8939393939394","70.49065599715551","18.628895407025656","40.11142061281337"
"1","101","160","1140","97","2","""-320254926""","46.98795180722892","85.17543859649123","67.2265644465781","14.569907416405304","46.98795180722892"
"1","102","160","1140","97","2","""1467276291""","45.83333333333333","86.31578947368422","65.1299108586528","16.248183405909206","45.83333333333333"
"1","103","160","1140","97","2","""-710342217""","48.70550161812297","84.29824561403508","69.24902415939145","14.531966174716446","48.70550161812297"
"1","104","160","1140","97","2","""-394610206""","39.63636363636363","86.66666666666667","66.5376353821781","18.395933197333097","39.63636363636363"
"1","105","160","1140","97","2","""-1108627346""","43.944636678200695","86.66666666666667","66.17200014262585","16.863291091143065","43.944636678200695"
"1","106","160","1140","97","2","""-5915955""","49.21630094043887","87.54385964912281","69.47752005735445","15.685983896841549","49.21630094043887"
"1","107","160","1140","97","2","""-871280736""","43.99293286219081","85.96491228070175","67.80546293748186","15.394945120914768","43.99293286219081"
"1","108","160","1140","97","2","""625664695""","40.51282051282051","86.40350877192982","66.86802497040465","17.54389953364214","40.51282051282051"
"1","109","160","1140","97","2","""1546616821""","48.84080370942813","84.12280701754385","68.09129260290908","14.562958793195058","48.84080370942813"
"1","110","160","1140","97","2","""971418396""","43.86873920552677","86.8421052631579","67.0158564039995","17.463287633542233","43.86873920552677"
"1","111","160","1240","51","3","""1043930945""","41.79743223965763","81.29032258064515","62.02393652117895","15.46821370392746","41.79743223965763"
"1","112","160","1240","51","3","""-574749520""","40","83.46774193548387","61.72030145254805","17.678927898729096","40"
"1","113","160","1240","51","3","""526647351""","45.23506988564168","81.53225806451613","64.20034407470322","15.332042488163994","45.23506988564168"
"1","114","160","1240","51","3","""2045765681""","41.226818830242514","81.93548387096774","61.00477284437068","16.271474720464216","41.226818830242514"
"1","115","160","1240","51","3","""-1086510350""","42.12076583210604","82.33870967741936","61.472001512730685","15.90953599088925","42.12076583210604"
"1","116","160","1240","51","3","""1457767880""","48.053691275167786","81.45161290322581","65.17634300189428","14.295901800364371","48.053691275167786"
"1","117","160","1240","51","3","""694709350""","39.35860058309038","81.20967741935485","61.54312122751835","16.61769416025738","39.35860058309038"
"1","118","160","1240","51","3","""643452709""","44.25133689839572","80.08064516129032","62.289471487870685","15.274527969283017","44.25133689839572"
"1","119","160","1240","51","3","""1844898335""","49.2","79.75806451612904","64.44280992672056","13.576946076155728","49.2"
"1","120","160","1240","51","3","""-806308152""","42.627737226277375","83.38709677419355","62.95354365334506","16.529957432923993","42.627737226277375"
"1","121","160","1340","49","3","""70800445""","35.86065573770492","69.40298507462687","52.608492756054055","16.771213339362568","35.86065573770492"
"1","122","160","1340","49","3","""-405122097""","48.82671480144404","66.71641791044776","57.7715663559459","12.649930381790591","48.82671480144404"
"1","123","160","1340","49","3","""-1367433620""","36.787564766839374","68.43283582089552","52.62842018988935","15.822666997538818","36.787564766839374"
"1","124","160","1340","49","3","""-2024126191""","46.63072776280324","67.46268656716417","57.0467071649837","14.730419335962416","46.63072776280324"
"1","125","160","1340","49","3","""1454322430""","45.57640750670242","64.25373134328358","54.91506942499299","13.206862339263681","45.57640750670242"
"1","126","160","1340","49","3","""1874157045""","49.10394265232975","68.65671641791045","58.8803295351201","13.825898920648536","49.10394265232975"
"1","127","160","1340","49","3","""-222234013""","46.01611459265891","66.86567164179105","56.44089311722498","14.742863174177122","46.01611459265891"
"1","128","160","1340","49","3","""1817461351""","45.067873303167424","67.08955223880596","56.0787127709867","15.571678508502965","45.067873303167424"
"1","129","160","1340","49","3","""1268566119""","45.909090909090914","65.97014925373135","55.939620081411135","14.185310393274229","45.909090909090914"
"1","130","160","1340","49","3","""980223599""","49.45750452079566","69.32835820895522","59.39293136487544","14.050815390863345","49.45750452079566"
"1","131","160","1170","1","3","""-1909399689""","27.435897435897438","27.435897435897438","27.435897435897438","0","27.435897435897438"
"1","132","160","1170","1","3","""-614812998""","25.384615384615383","25.384615384615383","25.384615384615383","0","25.384615384615383"
"1","133","160","1170","1","3","""1336388455""","26.410256410256412","26.410256410256412","26.410256410256412","0","26.410256410256412"
"1","134","160","1170","1","3","""-1651973027""","25.213675213675213","25.213675213675213","25.213675213675213","0","25.213675213675213"
"1","135","160","1170","1","3","""-154059096""","28.205128205128204","28.205128205128204","28.205128205128204","0","28.205128205128204"
"1","136","160","1170","1","3","""-400421702""","27.77777777777778","27.77777777777778","27.77777777777778","0","27.77777777777778"
"1","137","160","1170","1","3","""1435334650""","25.47008547008547","25.47008547008547","25.47008547008547","0","25.47008547008547"
"1","138","160","1170","1","3","""-786507501""","25.47008547008547","25.47008547008547","25.47008547008547","0","25.47008547008547"
"1","139","160","1170","1","3","""1175519719""","27.00854700854701","27.00854700854701","27.00854700854701","0","27.00854700854701"
"1","140","160","1170","1","3","""229774864""","25.128205128205128","25.128205128205128","25.128205128205128","0","25.128205128205128"
"1","141","160","1680","0","3","""632205777""","0","0","0","0","0"
"1","142","160","1680","0","3","""-1629069558""","0","0","0","0","0"
"1","143","160","1680","0","3","""1135241006""","0","0","0","0","0"
"1","144","160","1680","0","3","""-916807810""","0","0","0","0","0"
"1","145","160","1680","0","3","""1352706838""","0","0","0","0","0"
"1","146","160","1680","0","3","""-538261124""","0","0","0","0","0"
"1","147","160","1680","0","3","""1877782104""","0","0","0","0","0"
"1","148","160","1680","0","3","""193444305""","0","0","0","0","0"
"1","149","160","1680","0","3","""1346119248""","0","0","0","0","0"
"1","150","160","1680","0","3","""-1417974364""","0","0","0","0","0"
"1","151","160","890","41","4","""964716350""","44.25036390101892","68.98876404494382","57.00658006362023","12.387350595808453","44.25036390101892"
"1","152","160","890","41","4","""817031592""","42.857142857142854","66.17977528089888","54.87377790748577","11.677544700163349","42.857142857142854"
"1","153","160","890","41","4","""310988047""","46.186440677966104","70.56179775280899","58.580649707533006","12.19292715733514","46.186440677966104"
"1","154","160","890","41","4","""693392641""","44.09672830725462","68.87640449438203","56.36000101021475","12.391777288953275","44.09672830725462"
"1","155","160","890","41","4","""1233616196""","43.899018232819074","69.88764044943821","57.401248036464324","13.024057178266375","43.899018232819074"
"1","156","160","890","41","4","""-175569789""","46.68630338733431","70.33707865168539","58.351490040640414","11.82864259803729","46.68630338733431"
"1","157","160","890","41","4","""-2119409370""","38.3601756954612","69.7752808988764","53.41966957262991","15.747607725199538","38.3601756954612"
"1","158","160","890","41","4","""337508378""","41.973490427098675","70.11235955056179","56.13091401509359","14.070259951154947","41.973490427098675"
"1","159","160","890","41","4","""78845037""","40.98837209302326","72.80898876404494","57.623573310142426","15.959771940740412","40.98837209302326"
"1","160","160","890","41","4","""-1696371214""","40.72463768115942","70.2247191011236","55.083247297132424","14.76561396793917","40.72463768115942"
"1","161","170","1270","94","3","""-1790693808""","47.05882352941176","96.2992125984252","76.33259385293252","16.685487356482987","47.05882352941176"
"1","162","170","1270","94","3","""1681908433""","49.353448275862064","95.65217391304348","76.12901801147083","17.07539725921682","49.353448275862064"
"1","163","170","1270","94","3","""-827174519""","47.89719626168225","95.11811023622047","73.41562664310345","17.27048297779925","47.89719626168225"
"1","164","170","1270","94","3","""1528982876""","45.97457627118644","94.80314960629921","75.54756109764965","17.2662343674294","45.97457627118644"
"1","165","170","1270","94","3","""1870367435""","39.726027397260275","96.66975023126734","74.51444581594984","19.357839993402347","39.726027397260275"
"1","166","170","1270","94","3","""-19245419""","48.604651162790695","95.19685039370079","74.52401446850715","17.192822797604357","48.604651162790695"
"1","167","170","1270","94","3","""-2017591124""","46.80365296803653","95.66929133858267","75.2326653577043","17.168095105329417","46.80365296803653"
"1","168","170","1270","94","3","""-986819493""","47.906976744186046","95.74803149606299","75.1060996528878","17.03620082512461","47.906976744186046"
"1","169","170","1270","94","3","""-1428947369""","46.860986547085204","96.37795275590551","74.33337226276264","17.624505612752777","46.860986547085204"
"1","170","170","1270","94","3","""-1755944691""","47.963800904977376","95.90551181102363","75.73569588462168","16.996686991320214","47.963800904977376"
"1","171","180","2270","34","5","""-704250193""","45.06802721088435","84.58149779735683","64.21211498119756","15.391273542976379","45.06802721088435"
"1","172","180","2270","34","5","""421907939""","46.15384615384615","84.14096916299559","65.35211255419536","14.859176854560987","46.15384615384615"
"1","173","180","2270","34","5","""1410875447""","41.36752136752136","82.29074889867842","63.63980466064707","16.076415027338747","41.36752136752136"
"1","174","180","2270","34","5","""620104848""","44.37869822485207","82.95154185022027","63.528168255247394","14.833348599582447","44.37869822485207"
"1","175","180","2270","34","5","""1366803111""","40.41095890410959","82.77533039647577","61.757046378728646","16.596943840519486","40.41095890410959"
"1","176","180","2270","34","5","""659800531""","43.261802575107296","82.55506607929516","62.68216931033932","15.120965670630163","43.261802575107296"
"1","177","180","2270","34","5","""-1744265335""","48.78863826232247","84.8898678414097","67.17465969575136","14.585052936089209","48.78863826232247"
"1","178","180","2270","34","5","""1313808697""","41.27906976744186","84.5374449339207","63.6147568861673","16.623934920669566","41.27906976744186"
"1","179","180","2270","34","5","""1556558717""","45.251857968620975","85.06607929515418","65.39616903655669","15.298194529953856","45.251857968620975"
"1","180","180","2270","34","5","""-126258223""","46.30705394190871","83.568281938326","66.5605850503928","14.675590583161492","46.30705394190871"
"1","181","190","1010","90","2","""482801149""","47.22689075630252","81.28712871287128","64.6225621368504","13.906694342381307","47.22689075630252"
"1","182","190","1010","90","2","""1502928692""","42.592592592592595","83.66336633663366","64.96345679620651","16.620847178429635","42.592592592592595"
"1","183","190","1010","90","2","""-580968888""","43.63929146537842","80.2970297029703","63.848799611988305","14.272362342123502","43.63929146537842"
"1","184","190","1010","90","2","""-27412257""","46.766169154228855","82.47524752475248","64.259862738715","15.26976160933153","46.766169154228855"
"1","185","190","1010","90","2","""-1865840262""","42.32081911262799","81.68316831683168","64.43938417885128","15.718593093752627","42.32081911262799"
"1","186","190","1010","90","2","""-460004715""","46.833333333333336","82.67326732673267","66.78499259201962","14.121780029991784","46.833333333333336"
"1","187","190","1010","90","2","""-497943172""","44.01349072512647","83.76237623762376","64.82871778548335","16.781521949459513","44.01349072512647"
"1","188","190","1010","90","2","""-408238476""","46.57762938230384","80.990099009901","64.81964619095488","13.622496031076023","46.57762938230384"
"1","189","190","1010","90","2","""-2079228171""","48.275862068965516","84.15841584158416","67.8632680733871","13.64850140957884","48.275862068965516"
"1","190","190","1010","90","2","""-1218009480""","41.63934426229508","84.75247524752476","63.657765292873236","17.17184922486653","41.63934426229508"
"1","191","200","1760","52","3","""-2120410542""","44.55555555555556","84.6590909090909","65.49865432684336","15.79885667473345","44.55555555555556"
"1","192","200","1760","52","3","""-1362043891""","43.54838709677419","86.13636363636363","66.13879251745745","17.12839481644163","43.54838709677419"
"1","193","200","1760","52","3","""1161928465""","47.0314318975553","83.52272727272727","65.17715635829362","15.191508255213256","47.0314318975553"
"1","194","200","1760","52","3","""1661106956""","41.63783160322952","83.06818181818181","63.67931769807207","16.424055123763875","41.63783160322952"
"1","195","200","1760","52","3","""-1933236998""","43.73601789709172","82.67045454545455","63.19739356796865","15.412984142201255","43.73601789709172"
"1","196","200","1760","52","3","""380465894""","46.31101021566402","85.11363636363637","66.14140289290687","15.34900720040791","46.31101021566402"
"1","197","200","1760","52","3","""1142054462""","48.44533600802407","83.52272727272727","66.68462967341324","15.500900226882287","48.44533600802407"
"1","198","200","1760","52","3","""1170429538""","47.28506787330316","85.39772727272728","67.0178077924825","15.09412004815063","47.28506787330316"
"1","199","200","1760","52","3","""-17361040""","45.017182130584196","84.60227272727273","65.26333469019659","15.51890227552778","45.017182130584196"
"1","200","200","1760","52","3","""-842040749""","41.33180252583238","84.48863636363636","64.33502458853751","17.15190934431119","41.33180252583238"
"1","201","210","1240","51","5","""-666702329""","45.91836734693878","93.38709677419355","72.31967160983551","16.932766565274758","45.91836734693878"
"1","202","210","1240","51","5","""-321015667""","43.78109452736319","93.46774193548387","73.43340384933958","16.321059629027847","43.78109452736319"
"1","203","210","1240","51","5","""-947028368""","48.66666666666667","94.43548387096774","74.3152934052832","15.636214205394419","48.66666666666667"
"1","204","210","1240","51","5","""-830015895""","48.64864864864865","93.95161290322581","73.48695469903929","14.74768660679714","48.64864864864865"
"1","205","210","1240","51","5","""415816980""","44.06392694063927","92.8225806451613","71.02000843936737","15.589020187289504","44.06392694063927"
"1","206","210","1240","51","5","""-2121200886""","44.61883408071749","91.53225806451613","71.41867976021804","16.25896870248907","44.61883408071749"
"1","207","210","1240","51","5","""-340638989""","48.68995633187773","95.08064516129032","74.21828932304284","15.53640683471247","48.68995633187773"
"1","208","210","1240","51","5","""539430136""","49.54545454545455","94.75806451612904","73.56876799291017","14.238993702651195","49.54545454545455"
"1","209","210","1240","51","5","""750919281""","37.72727272727273","93.54838709677419","72.54020964128235","18.179914024857542","37.72727272727273"
"1","210","210","1240","51","5","""153378378""","46.41255605381166","93.24074074074075","74.46630705279553","16.269452639745655","46.41255605381166"
"1","211","220","1480","16","5","""-1364101655""","41.01351351351351","41.01351351351351","41.01351351351351","0","41.01351351351351"
"1","212","220","1480","16","5","""-852570855""","41.62162162162162","41.62162162162162","41.62162162162162","0","41.62162162162162"
"1","213","220","1480","16","5","""781729435""","41.75675675675676","41.75675675675676","41.75675675675676","0","41.75675675675676"
"1","214","220","1480","16","5","""-134255140""","39.52702702702703","39.52702702702703","39.52702702702703","0","39.52702702702703"
"1","215","220","1480","16","5","""-498061210""","43.17567567567567","43.17567567567567","43.17567567567567","0","43.17567567567567"
"1","216","220","1480","16","5","""161066336""","39.5945945945946","39.5945945945946","39.5945945945946","0","39.5945945945946"
"1","217","220","1480","16","5","""1092723733""","40.74324324324324","40.74324324324324","40.74324324324324","0","40.74324324324324"
"1","218","220","1480","16","5","""943279724""","43.04054054054054","43.04054054054054","43.04054054054054","0","43.04054054054054"
"1","219","220","1480","16","5","""1789636579""","40.47297297297297","40.47297297297297","40.47297297297297","0","40.47297297297297"
"1","220","220","1480","16","5","""-25710376""","41.68918918918919","41.68918918918919","41.68918918918919","0","41.68918918918919"
"1","221","230","1190","21","2","""487258059""","14.705882352941178","14.705882352941178","14.705882352941178","0","14.705882352941178"
"1","222","230","1190","21","2","""-1706588327""","15.46218487394958","15.46218487394958","15.46218487394958","0","15.46218487394958"
"1","223","230","1190","21","2","""729562643""","14.873949579831933","14.873949579831933","14.873949579831933","0","14.873949579831933"
"1","224","230","1190","21","2","""2144599810""","16.63865546218487","16.63865546218487","16.63865546218487","0","16.63865546218487"
"1","225","230","1190","21","2","""1261981506""","16.218487394957982","16.218487394957982","16.218487394957982","0","16.218487394957982"
"1","226","230","1190","21","2","""759170777""","16.72268907563025","16.72268907563025","16.72268907563025","0","16.72268907563025"
"1","227","230","1190","21","2","""-1659542864""","13.109243697478993","13.109243697478993","13.109243697478993","0","13.109243697478993"
"1","228","230","1190","21","2","""2054082185""","15.210084033613445","15.210084033613445","15.210084033613445","0","15.210084033613445"
"1","229","230","1190","21","2","""-1705846947""","13.19327731092437","13.19327731092437","13.19327731092437","0","13.19327731092437"
"1","230","230","1190","21","2","""1018573852""","15.798319327731091","15.798319327731091","15.798319327731091","0","15.798319327731091"
"1","231","240","2090","48","4","""-63852109""","48.755760368663594","88.80382775119617","69.98742057169648","15.82638639498891","48.755760368663594"
"1","232","240","2090","48","4","""775501256""","49.764373232799244","88.37320574162679","70.69881289517444","15.356034951087913","49.764373232799244"
"1","233","240","2090","48","4","""844298403""","46.469465648854964","86.9377990430622","68.91861789964706","16.1266966351551","46.469465648854964"
"1","234","240","2090","48","4","""1701070024""","39.578947368421055","87.5598086124402","66.29617581032248","18.610775602306994","39.578947368421055"
"1","235","240","2090","48","4","""-1510786580""","46.130653266331656","89.52153110047847","69.41302133082844","17.590728458886154","46.130653266331656"
"1","236","240","2090","48","4","""1780452114""","35.80786026200873","89.76076555023923","66.36030066614539","20.292724886110364","35.80786026200873"
"1","237","240","2090","48","4","""328377924""","48.29806807727691","88.4688995215311","69.2587304288032","16.326465138210764","48.29806807727691"
"1","238","240","2090","48","4","""-1231186638""","40.97826086956522","89.42583732057416","68.35172502454539","18.46722127795096","40.97826086956522"
"1","239","240","2090","48","4","""844194034""","43.71584699453552","88.85167464114832","68.1186183245225","17.509855860145777","43.71584699453552"
"1","240","240","2090","48","4","""-1074079151""","49.81132075471698","87.41626794258373","70.38652134148666","15.595416118488707","49.81132075471698"
"1","241","250","2360","16","3","""1271207007""","19.279661016949152","19.279661016949152","19.279661016949152","0","19.279661016949152"
"1","242","250","2360","16","3","""-1374696901""","19.279661016949152","19.279661016949152","19.279661016949152","0","19.279661016949152"
"1","243","250","2360","16","3","""806427497""","19.110169491525426","19.110169491525426","19.110169491525426","0","19.110169491525426"
"1","244","250","2360","16","3","""-817828126""","20.720338983050848","20.720338983050848","20.720338983050848","0","20.720338983050848"
"1","245","250","2360","16","3","""-853840403""","20.466101694915253","20.466101694915253","20.466101694915253","0","20.466101694915253"
"1","246","250","2360","16","3","""-1758671971""","20.16949152542373","20.16949152542373","20.16949152542373","0","20.16949152542373"
"1","247","250","2360","16","3","""-1070464395""","21.1864406779661","21.1864406779661","21.1864406779661","0","21.1864406779661"
"1","248","250","2360","16","3","""827001602""","21.652542372881356","21.652542372881356","21.652542372881356","0","21.652542372881356"
"1","249","250","2360","16","3","""-1402695626""","21.14406779661017","21.14406779661017","21.14406779661017","0","21.14406779661017"
"1","250","250","2360","16","3","""-1866615450""","19.110169491525426","19.110169491525426","19.110169491525426","0","19.110169491525426"
"1","251","260","1000","32","3","""957377338""","48.1","48.1","48.1","0","48.1"
"1","252","260","1000","32","3","""700147753""","46.400000000000006","46.400000000000006","46.400000000000006","0","46.400000000000006"
"1","253","260","1000","32","3","""-1875069929""","43.8","43.8","43.8","0","43.8"
"1","254","260","1000","32","3","""-2139570919""","45.800000000000004","45.800000000000004","45.800000000000004","0","45.800000000000004"
"1","255","260","1000","32","3","""-414063871""","46","46","46","0","46"
"1","256","260","1000","32","3","""2104117324""","46.7","46.7","46.7","0","46.7"
"1","257","260","1000","32","3","""1809163303""","46.6","46.6","46.6","0","46.6"
"1","258","260","1000","32","3","""-128299838""","42.8","42.8","42.8","0","42.8"
"1","259","260","1000","32","3","""-1139333051""","46.1","46.1","46.1","0","46.1"
"1","260","260","1000","32","3","""857720361""","42","42","42","0","42"
"1","261","270","980","34","3","""-431878452""","36.92493946731235","58.36734693877551","47.646143203043934","15.162071728036695","36.92493946731235"
"1","262","270","980","34","3","""-392905233""","39.18269230769231","60.204081632653065","49.69338697017268","14.864366941642253","39.18269230769231"
"1","263","270","980","34","3","""1151926965""","37.76978417266187","59.897959183673464","48.83387167816767","15.646982605569002","37.76978417266187"
"1","264","270","980","34","3","""1829069443""","37.530266343825666","54.285714285714285","45.907990314769975","11.847890861527624","37.530266343825666"
"1","265","270","980","34","3","""1405889624""","36.330935251798564","56.12244897959183","46.2266921156952","13.994713566869263","36.330935251798564"
"1","266","270","980","34","3","""1633390706""","37.15319662243667","60.40816326530612","48.78067994387139","16.443744609439953","37.15319662243667"
"1","267","270","980","34","3","""-315306168""","38.78048780487805","58.673469387755105","48.72697859631658","14.066462175271466","38.78048780487805"
"1","268","270","980","34","3","""1589330593""","36.385542168674704","58.265306122448976","47.32542414556184","15.471329462474774","36.385542168674704"
"1","269","270","980","34","3","""731803902""","33.894230769230774","60.71428571428571","47.30425824175824","18.964642723444143","33.894230769230774"
"1","270","270","980","34","3","""-2024998259""","37.91866028708134","60","48.95933014354067","15.613865048688599","37.91866028708134"
"1","271","280","1340","58","4","""-614709798""","38.01980198019802","91.34328358208955","68.4812890400407","17.2761190762057","38.01980198019802"
"1","272","280","1340","58","4","""-758152339""","47.02886247877759","90.97014925373135","70.70099182442549","16.900380089984377","47.02886247877759"
"1","273","280","1340","58","4","""-1271788546""","46.332737030411444","91.19402985074628","70.89145789664396","15.568173524278198","46.332737030411444"
"1","274","280","1340","58","4","""1740926396""","49.7029702970297","92.31343283582089","75.0012349017732","13.900492696686186","49.7029702970297"
"1","275","280","1340","58","4","""-389835873""","44.95049504950495","91.49253731343283","70.38393823247934","16.128221708036552","44.95049504950495"
"1","276","280","1340","58","4","""841778227""","44.42379182156134","90.3731343283582","71.52624984583106","16.02453057983529","44.42379182156134"
"1","277","280","1340","58","4","""-923174391""","48.52686308492201","91.11940298507463","71.86545815275278","15.890837443281848","48.52686308492201"
"1","278","280","1340","58","4","""1870365273""","48.77622377622377","89.77611940298507","71.56082288649903","14.278813840318373","48.77622377622377"
"1","279","280","1340","58","4","""618373068""","48","91.04477611940298","71.16974043245574","15.706405839194256","48"
"1","280","280","1340","58","4","""954480954""","43.047619047619044","91.49253731343283","70.98473016849624","17.290459676034377","43.047619047619044"
"1","281","290","940","54","3","""770894699""","49.54819277108434","79.04255319148936","64.68994890459105","13.061295038566461","49.54819277108434"
"1","282","290","940","54","3","""-854407220""","42.42424242424242","77.6595744680851","58.21544289380107","15.205843397872217","42.42424242424242"
"1","283","290","940","54","3","""1276865869""","40.15873015873016","78.19148936170212","57.96454980339643","16.498014708819117","40.15873015873016"
"1","284","290","940","54","3","""-1106123255""","46.23824451410658","80.63829787234043","63.0236293102932","15.289045676517697","46.23824451410658"
"1","285","290","940","54","3","""-566803712""","42.38095238095238","79.57446808510639","62.007880819705505","15.780018930895384","42.38095238095238"
"1","286","290","940","54","3","""1521972823""","38.917089678511","79.36170212765957","59.52968125853298","15.440430253013377","38.917089678511"
"1","287","290","940","54","3","""-808050386""","46.67697063369397","77.34042553191489","62.806127849850704","12.968729955768826","46.67697063369397"
"1","288","290","940","54","3","""1373437144""","44.254658385093165","79.25531914893617","61.79146916087334","15.170558482559574","44.254658385093165"
"1","289","290","940","54","3","""-410246957""","44.785276073619634","77.55319148936171","61.13854735692098","14.236179216487379","44.785276073619634"
"1","290","290","940","54","3","""-6255917""","43.76130198915009","80.42553191489363","61.596103534731206","13.799978572194805","43.76130198915009"
"1","291","300","2400","34","3","""1223540933""","30.625000000000004","55.41666666666667","43.020833333333336","17.53035561691649","30.625000000000004"
"1","292","300","2400","34","3","""468270040""","30.583289542827114","53.125","41.85414477141356","15.939396323810659","30.583289542827114"
"1","293","300","2400","34","3","""-1344373920""","30.741127348643005","53.083333333333336","41.912230340988174","15.798325358441199","30.741127348643005"
"1","294","300","2400","34","3","""1190300425""","30.108639420589757","52.208333333333336","41.15848637696155","15.62684342784805","30.108639420589757"
"1","295","300","2400","34","3","""-1134136114""","28.735033836543465","52.416666666666664","40.57585025160506","16.745443163750085","28.735033836543465"
"1","296","300","2400","34","3","""1170647123""","29.95846313603323","51.24999999999999","40.604231568016615","15.055390098394255","29.95846313603323"
"1","297","300","2400","34","3","""-59450246""","27.630896837739762","51.583333333333336","39.60711508553655","16.93693027197436","27.630896837739762"
"1","298","300","2400","34","3","""727380479""","30.988894764674775","53.79166666666667","42.39028071567073","16.12399464174854","30.988894764674775"
"1","299","300","2400","34","3","""562710845""","29.629629629629626","53.041666666666664","41.335648148148145","16.554810150279497","29.629629629629626"
"1","300","300","2400","34","3","""723910145""","29.637305699481864","54","41.81865284974093","17.227026347871227","29.637305699481864"
